name,address,website,phone_number,reviews_count,reviews_average
,"vester hus, Istedgade 29C, 1650 København, Denmark",istedgadeshopping.dk,+45 33 22 06 03,,
,"Vendersgade 8, 1363 København K, Denmark",incognitostudio.dk,+45 31 38 37 31,,
,"Lille Kannikestræde, 1170 København K, Denmark",thecollab.dk,+45 42 80 44 66,,
,"Enghavevej 26, 1674 København, Denmark",,+45 33 31 13 67,,
,"Kingosgade 3, 1623 København, Denmark",frisoerjenny.dk,+45 33 79 56 88,,
,"Ny Adelgade 9, 1104 KØBENHAVN K, Denmark",klemmes.dk,+45 32 19 19 06,,
,"Mozartsvej 23, 2450 København, Denmark",copenhagen-hairstyle.dk,+45 36 17 21 87,,
,"Herluf Trolles Gade 26A, 1052 København, Denmark",mugshot-hair.dk,+45 88 71 71 91,,
,"Torvegade 33, 1400 København K, Denmark",rebootorganic.dk,+45 32 16 55 04,,
,"Frederiksborggade 40, 1360 København, Denmark",junesalon.dk,+45 31 31 50 90,,
,"Gråbrødretorv 9, 1154 København, Denmark",renoblvd.dk,+45 30 57 53 03,,
,"Rosenørns Allé 6, 1634 København, Denmark",hairlab.dk,+45 60 66 65 50,,
,"Store Kongensgade 74, 1264 København, Denmark",paris-hairstyle.dk,+45 60 55 60 43,,
,"Teglgårdstræde 6A, 1452 København K, Denmark",cleberson.dk,+45 52 50 70 41,,
,"Store Strandstræde 19, 1255 København, Denmark",salonthechair.dk,+45 33 12 24 55,,
,"Fiolstræde 34, 1171 København K, Denmark",sacohair.dk,+45 33 15 35 55,,
,"Nansensgade 13, 1366 København, Denmark",cph-hair-spa.dk,+45 30 63 76 60,,
,"Store Kongensgade 19A, 1264 København, Denmark",statementcopenhagen.dk,+45 31 31 19 63,,
,"Rosengården 12A, 1174 København K, Denmark",faceofcph.dk,+45 33 91 69 16,,
,"Jagtvej 220, 2100 København Ø, Denmark",monas-beauty-salon.planway.com,+45 52 22 77 70,,
,"Fisketorvet Shopping Center Kalvebod Brygge 59, dæk 2, 1560 København V, Denmark",kimqhairdesign.dk,+45 50 70 24 10,,
,"Løngangstræde 19, 1468 København, Denmark",eshakhamo.dk,+45 33 12 24 00,,
,"Strandboulevarden 149, 2100 København Ø, Denmark",rebootorganic.dk,+45 35 55 99 95,,
,"Skoubogade 2, 1158 København, Denmark",mackinder.dk,+45 33 12 36 12,,
,"Ny Østergade 23, 1101 København, Denmark",gun-britt.dk,+45 33 93 13 53,,
,"Jagtvej 76, st, 2200 København, Denmark",copenhagenbeautyclinic.com,+45 28 44 04 91,,
,"Gl. Kongevej 149, 1850 Frederiksberg, Denmark",neverwhere.dk,+45 50 85 05 34,,
,"Nordre Frihavnsgade 65, 2100 København, Denmark",hair-studio.dk,+45 35 26 91 97,,
,"Vendersgade 3, 1363 København, Denmark",tornsberg.dk,+45 50 70 30 31,,
,"Torvegade 26, 1400 København, Denmark",saloncph.site,+45 50 35 20 21,,
,"Badstuestræde 15, 1209 København, Denmark",platinhair.dk,+45 31 90 20 70,,
,"Bredgade 63, 1260 København, Denmark",saloncph.dk,+45 33 15 10 60,,
,"Sølvgade 89, 1307 København, Denmark",copenhair.klikbook.dk,+45 30 89 78 20,,
,"Vesterbrogade 119, 1620 København, Denmark",ronnies-hair-studio.dk,+45 33 12 00 40,,
,"Sankt Annæ Gade 5, 1416 København, Denmark",mono1991.dk,+45 32 96 97 98,,
,"Fælledvejens Passage 2, 2200 København N, Denmark",vonbuchwald.com,+45 31 38 30 64,,
,"H. C. Ørsteds Vej 50B, 1879 Frederiksberg, Denmark",facebook.com,+45 35 14 48 55,,
,"Gyldenløvesgade 4, 1369 København, Denmark",naoko.dk,+45 29 70 61 86,,
,"Istedgade 1, 1650 København, Denmark",instagram.com,+45 33 25 18 66,,
,"Møntergade 12, kld, 1116 København, Denmark",,+45 50 38 05 92,,
,"Dronningens Tværgade 28, st tv, 1302 København, Denmark",ljungberg-saqr.com,+45 33 15 88 28,,
,"Nørregade 43, KLD, 1165 København K, Denmark",salonshinecut.dk,+45 91 63 38 29,,
,"Istedgade 79, 1650 København, Denmark",,,,
,"Ny Østergade 5, 1164 København, Denmark",palma.dk,+45 33 14 00 24,,
,"Vesterbrogade 128A, 1620 København, Denmark",dechoix.dk,+45 33 22 33 83,,
,"Peder Hvitfeldts Stræde 12, 1173 København K, Denmark",loftcopenhagen.dk,+45 31 36 09 00,,
,"Nørrebrogade 57, 2200 København, Denmark",,+45 71 64 78 27,,
,"Nørrebrogade 200, 2200 København, Denmark",salonelita.dk,+45 35 85 54 03,,
,"Grønnegade 36, 1107 København, Denmark",zenz.dk,+45 33 32 03 29,,
,"Lyngbyvej 11, 2100 København Ø, Denmark",salon-luxx.dk,+45 39 29 29 22,,
,"Nørre Voldgade 52, 1358 København, Denmark",hekitho.dk,+45 33 13 88 04,,
,"Stefansgade 36, 2200 København, Denmark",,+45 52 55 84 02,,
,"Sankt Annæ Pl. 16, 1250 København, Denmark",nolia.dk,+45 40 53 23 41,,
,"Store Kongensgade 59F, 1264 København K, Denmark",buchhair.dk,+45 30 14 14 90,,
,"Sølvgade 95, 1307 København, Denmark",,+45 81 44 44 63,,
,"Sølvgade 102, kld 1307, 1307 København, Denmark",unitedbyhair.dk,+45 52 63 69 64,,
,"Jagtvej 121, 2200 København N, Denmark",gspotcph.dk,+45 52 90 05 08,,
,"Islands Brygge 79 F, 2300 København, Denmark",zenz.dk,+45 32 96 43 43,,
,"Oehlenschlægersgade 11A, 1663 København, Denmark",filipfilip.dk,+45 33 33 95 95,,
,"Allegade 21, 2000 Frederiksberg, Denmark",statementcopenhagen.dk,+45 31 31 19 63,,
,"Åboulevard 11A, 1635 København V, Denmark",noushin.dk,+45 91 97 18 82,,
,"Knabrostræde 14, 1210 København, Denmark",elementcopenhagen.dk,+45 29 28 28 95,,
,"Ravnsborg Tværgade 3B, 2200 København, Denmark",typecopenhagen.dk,+45 20 31 51 15,,
,"Fælledvej 18, 2200 København, Denmark",liebmannmaryjane.dk,+45 26 16 10 06,,
,"Studiestræde 24, st. th, 1455 København K, Denmark",fonnesbekhair.dk,+45 53 55 76 37,,
,"Nøjsomhedsvej 5, kld, 2100 København, Denmark",adorncph.dk,,,
,"Amagerbrogade 61, 2300 København, Denmark",business.site,+45 32 58 97 90,,
,"Ryesgade 50, st. tv, 2100 København, Denmark",linktr.ee,+45 40 40 69 26,,
,"Reverdilsgade 4, 1701 København, Denmark",,+45 33 23 16 23,,
,"Vendersgade 17, kld, th, 1363 København, Denmark",salonbeaute.dk,+45 33 11 00 23,,
,"Rosenborggade 12, 1130 København, Denmark",beautybyangela.co,+45 71 69 25 56,,
,"Nørrebrogade 45, 2200 København, Denmark",zenz.dk,+45 35 39 36 39,,
,"Store Kongensgade 42, 1264 København, Denmark",skønskøn.dk,+45 53 61 62 66,,
,"Cort Adelers Gade 4, 1053 København, Denmark",lilianacosmetics.onlinebooq.dk,+45 71 56 59 77,,
,"Studiestræde 31C, St, 1455 København K, Denmark",beautyboosters.dk,+45 71 78 65 75,,
,"Baghuset, Rosenvængets Allé 3, 2100 København, Denmark",carlsbarbershop.dk,+45 26 78 22 22,,
,"Ryesgade 108, 2100 København, Denmark",,+45 35 38 33 03,,
,"Cort Adelers Gade 4, 1053 København, Denmark",blacksilvahairdresser.dk,+45 52 79 56 71,,
,"Teglgårdstræde 7, 1452 København, Denmark",salon16kbh.dk,+45 60 51 45 50,,
,"Smallegade 52A, 2000 Frederiksberg, Denmark",afrohagenshop.dk,,,
,"Ved Vesterport 9, 1612 København, Denmark",claircopenhagen.dk,+45 70 60 30 34,,
,"Nørre Farimagsgade 55, 1364 København, Denmark",,+45 71 87 72 10,,
,"Nansensgade 56, 1366 København, Denmark",organicnail.care,+45 93 86 75 53,,
,"Smallegade 39, 2000 Frederiksberg, Denmark",copenhagennaturalskin.dk,+45 52 64 29 80,,
,"Fiolstræde 40, 1171 København, Denmark",in-beauty.dk,+45 42 44 27 64,,
,"Fiolstræde 27, 1171 København, Denmark",kaktushairsalon.dk,+45 61 22 19 99,,
,"Nørrebrogade 102 kltv, Nørrebrogade 102, 2200 København, Denmark",stuensalon.dk,+45 55 25 00 06,,
,"Suhmsgade 5, 1125 København, Denmark",lumihair.dk,+45 26 71 85 55,,
,"Vesterbrogade 102, 1620 København V, Denmark",barikisu.com,+45 71 62 63 60,,
,"Philip Heymans Alle 17, 2900 Hellerup, Denmark",statementcopenhagen.dk,+45 31 31 19 63,,
,"Nansensgade 36, kld. tv. 1366, 1366 København, Denmark",nabocph.dk,+45 26 21 31 23,,
,"Blegdamsvej 68, 2100 København, Denmark",face-d-beauty.dk,+45 42 94 95 29,,
,"Løvstræde 8B, 1152 København, Denmark",lalalounge.dk,+45 22 44 00 40,,
,"V/ Face D Beauty, Blegdamsvej 68, 2100 København Ø, Denmark",joy.onlinebooq.dk,+45 93 99 95 79,,
,"Amagerbrogade 26, 2300 København, Denmark",oliverssalon.dk,+45 22 90 91 99,,
,"Bredgade 4, 2. tv, 1260 København, Denmark",studiocimmahony.com,+45 31 90 17 54,,
,"Store Kongensgade 53, 1264 København, Denmark",nailexpertcopenhagen.dk,+45 60 52 14 06,,
,"Vennemindevej 5, 2100 København Ø, Denmark",,+45 50 32 70 72,,
,"Vendersgade 3, 1363 København, Denmark",waxandskincare.dk,+45 45 42 34 34,,
,"Tordenskjoldsgade 12, 1055 København, Denmark",fetch.dk,+45 33 13 31 31,,
,"Rosenvængets Allé 7A, 2100 København, Denmark",sukacph.dk,+45 38 87 31 32,,
,"Rosenborggade 8, kld, 1130 København, Denmark",lotusnailsdenmark.com,+45 33 33 99 77,,
,"H. C. Ørsteds Vej 51, 1879 Frederiksberg, Denmark",tgnails.dk,+45 51 29 77 99,,
,"Kronprinsessegade 26, kld, 1306 København, Denmark",,+45 71 79 09 57,,
,"Vesterbrogade 128A, 1620 København, Denmark",mynailscph.dk,+45 52 30 73 04,,
,"Østergade 52, 1100 København, Denmark",statementcopenhagen.dk,+45 31 31 19 63,,
,"Rømersgade 15, 1362 København, Denmark",frisorpii.dk,+45 29 33 90 04,,
,,,+45 27 16 22 26,,
,"Nansensgade 39, 1366 København, Denmark",sakimo.dk,+45 26 21 23 21,,
,"Falkoner Alle 26AB, 2000 Frederiksberg, Denmark",street-cut.dk,+45 33 24 12 87,,
,"Falkoner Alle 26AB, 2000 Frederiksberg, Denmark",street-cut.dk,+45 33 24 12 87,,
,"Store Kongensgade 17B, 1264 København, Denmark",nailbarcopenhagen.dk,+45 22 53 33 21,,
